{"8:8":true,"6:10":true,"13:13":true,"3:0":true,"3:6":true,"13:15":true,"10:10":true,"8:7":true,"5:5":true,"4:11":true,"9:10":true,"5:11":true,"4:5":true,"13:12":true,"3:2":true,"13:14":true,"3:4":true,"8:9":true,"7:10":true,"3:3":true,"0:4":true,"14:14":true,"4:3":true,"5:4":true,"2:12":true,"7:7":true,"5:3":true,"2:15":true,"15:14":true,"9:9":true,"4:4":true,"8:10":true,"7:9":true,"6:8":true,"3:5":true,"15:12":true,"14:15":true,"13:1":[152,153],"4:2":true,"15:15":true,"14:12":true,"9:7":true,"5:2":true,"2:14":true,"1:13":true,"0:5":true,"2:13":true,"7:8":true,"6:9":true,"4:6":true,"1:14":true,"5:0":true,"5:6":true,"4:0":true,"15:13":true,"1:15":true,"6:7":true,"1:12":true,"9:8":true,"14:13":true,"3:13":true,"1:5":true,"0:13":true,"13:0":true,"14:11":true,"4:1":true,"3:12":true,"0:15":true,"5:1":true,"3:15":true,"0:12":true,"15:11":true,"2:5":true,"0:14":true,"3:14":true,"4:14":true,"1:6":true,"5:14":[159,175],"2:2":true,"5:12":true,"2:4":true,"13:11":true,"4:15":162,"4:12":[162,164],"3:1":true,"5:15":[160,161],"2:3":true,"15:0":[150,151],"1:3":true,"1:4":true,"14:0":true,"2:0":true,"2:6":true,"12:11":true,"9:14":true,"2:7":true,"7:12":true,"10:14":true,"7:15":[165,202],"11:11":true,"10:12":true,"2:9":true,"9:12":true,"8:1":true,"10:15":true,"1:8":true,"7:13":true,"2:8":true,"6:14":[165,173],"10:13":true,"6:12":true,"1:7":true,"6:15":[157,159],"9:13":true,"11:0":true,"8:13":true,"1:10":true,"12:0":true,"6:1":true,"11:4":155,"9:1":true,"8:12":true,"10:1":true,"11:3":[154,156],"12:2":[154,156],"11:2":157,"7:1":true,"12:1":[154,156],"9:3":true,"6:0":true,"10:4":true,"5:9":true,"10:3":156,"7:2":true,"6:6":true,"4:9":true,"11:1":157,"9:4":true,"8:5":true,"5:7":true,"3:10":true,"7:4":true,"9:2":true,"8:11":true,"4:7":true,"10:2":true,"7:3":true,"9:6":true,"6:4":true,"10:0":true,"10:6":true,"9:0":true,"6:3":true,"7:0":true,"5:8":true,"6:2":true,"7:6":true,"4:8":true,"6:5":true,"3:8":true,"6:11":true,"11:13":true,"8:0":true,"8:6":true,"12:13":true,"12:14":true,"10:5":true,"9:11":true,"5:10":true,"3:7":true,"10:11":true,"9:5":true,"4:10":true,"11:14":true,"8:2":true,"12:15":true,"11:12":true,"8:4":true,"7:5":true,"3:9":true,"12:12":true,"11:15":true,"8:3":true,"7:11":true}