{"9:14":true,"2:7":[171,194],"8:8":true,"7:12":[174,176],"10:14":true,"11:11":true,"10:12":true,"6:13":175,"2:9":true,"9:15":184,"9:12":true,"3:6":170,"10:15":true,"7:14":176,"8:7":true,"5:5":true,"7:13":175,"2:8":[192,194],"9:10":true,"4:5":true,"6:14":true,"10:13":true,"8:9":true,"7:10":172,"6:12":176,"1:7":171,"9:13":true,"8:13":174,"2:12":true,"7:7":true,"9:9":true,"8:10":171,"7:9":172,"3:5":true,"0:11":true,"9:7":true,"2:14":true,"7:8":true,"8:12":173,"4:6":true,"2:13":true,"5:6":true,"6:7":true,"8:14":175,"9:8":true,"3:13":true,"1:5":171,"0:13":true,"6:6":true,"8:5":true,"5:7":true,"8:11":172,"4:7":171,"9:6":true,"3:12":true,"0:15":true,"0:12":true,"2:5":[171,192],"0:14":true,"3:14":true,"7:6":true,"4:14":true,"1:6":170,"11:10":true,"6:5":true,"5:14":true,"11:13":true,"5:12":176,"8:6":true,"4:12":true,"3:7":171,"9:11":[173,190],"10:11":true,"11:14":true,"11:12":true,"5:13":true,"7:5":true,"11:15":true,"7:11":173,"4:13":true,"2:6":[170,193]}