{"15:9":true,"1:1":true,"11:5":true,"8:8":true,"14:9":true,"15:7":true,"3:0":170,"0:6":true,"0:0":true,"14:7":true,"8:1":true,"3:6":true,"13:10":true,"14:1":true,"8:7":true,"5:5":true,"0:2":true,"4:5":true,"15:1":true,"15:8":true,"14:8":true,"2:1":true,"11:0":true,"4:3":170,"5:4":true,"5:3":true,"13:8":true,"15:14":true,"10:7":true,"3:5":true,"15:12":true,"13:1":true,"4:2":170,"15:15":true,"9:7":true,"5:2":true,"12:3":true,"11:4":true,"9:1":true,"4:6":true,"15:10":true,"5:0":true,"14:10":true,"10:1":true,"5:6":true,"13:7":true,"11:3":true,"4:0":170,"10:8":true,"11:2":true,"13:9":true,"9:8":true,"9:3":true,"10:4":true,"10:3":true,"1:5":true,"11:1":true,"9:4":true,"8:5":true,"13:6":true,"9:2":true,"13:0":true,"10:2":true,"13:2":true,"9:6":true,"4:1":170,"15:5":true,"10:0":true,"14:5":true,"10:6":true,"5:1":170,"9:0":true,"13:3":true,"13:4":true,"15:4":true,"14:3":true,"1:6":[151,169],"15:3":true,"1:0":true,"14:4":true,"8:0":true,"14:2":true,"13:11":true,"0:1":true,"15:2":true,"8:6":true,"3:1":170,"13:5":true,"15:0":true,"14:6":true,"10:5":true,"9:5":true,"8:2":true,"15:6":true,"14:0":true,"2:0":170,"11:12":true,"8:4":true,"8:3":true,"2:6":[151,169]}