{"15:9":true,"12:11":true,"2:7":true,"8:8":true,"7:12":true,"6:10":true,"13:13":true,"14:9":true,"11:11":true,"10:12":true,"6:13":true,"2:9":true,"15:7":true,"0:6":true,"14:7":true,"9:12":true,"3:6":true,"13:10":true,"1:8":true,"14:1":216,"8:7":true,"0:2":true,"7:13":true,"2:8":true,"13:12":true,"3:2":true,"15:1":[130,151],"1:9":true,"15:8":true,"10:13":true,"3:4":true,"0:3":true,"8:9":true,"7:10":true,"6:12":true,"3:3":true,"1:7":true,"0:4":true,"14:8":true,"9:13":true,"12:6":141,"8:13":true,"10:9":true,"7:7":true,"13:8":true,"9:9":true,"11:6":141,"10:7":[139,168],"8:10":true,"7:9":true,"6:8":true,"3:5":true,"15:12":true,"14:12":true,"9:7":true,"0:5":true,"12:3":[111,177],"11:4":[173,179],"8:12":true,"7:8":true,"6:9":true,"4:6":true,"15:10":true,"14:10":true,"5:6":true,"13:7":true,"12:4":[173,177],"11:3":true,"15:13":true,"12:2":true,"6:7":true,"11:2":true,"13:9":true,"9:8":true,"14:13":true,"10:4":true,"5:9":true,"1:5":true,"7:2":true,"6:6":true,"4:9":true,"5:7":true,"7:4":true,"13:6":[141,143],"9:2":true,"8:11":true,"4:7":true,"10:2":true,"12:8":true,"7:3":true,"14:11":true,"13:2":[129,132],"9:6":true,"6:4":true,"10:6":[141,216],"15:11":true,"12:9":true,"6:3":true,"11:7":[139,140],"2:5":true,"5:8":true,"13:4":true,"12:7":true,"6:2":true,"7:6":true,"4:8":true,"1:6":true,"11:10":true,"6:5":true,"3:8":true,"12:10":true,"2:2":true,"0:8":true,"6:11":true,"11:13":true,"2:4":true,"13:11":true,"8:6":true,"12:13":true,"2:3":true,"14:6":144,"9:11":true,"3:7":true,"1:3":true,"10:11":true,"9:5":true,"8:2":true,"1:4":true,"0:7":true,"15:6":true,"11:12":true,"1:2":true,"7:5":true,"3:9":true,"12:12":true,"0:9":true,"7:11":true,"2:6":true}