{"11:5":true,"2:7":true,"6:10":true,"12:5":true,"11:11":true,"2:9":true,"0:6":true,"8:1":true,"3:6":true,"13:10":true,"1:8":true,"14:1":true,"10:10":true,"5:5":true,"2:8":true,"9:10":true,"4:5":true,"15:1":true,"1:9":true,"3:4":true,"0:3":true,"7:10":true,"3:3":true,"1:7":true,"0:4":true,"11:0":true,"12:6":true,"4:3":true,"5:4":true,"7:7":true,"5:3":true,"1:10":true,"13:8":true,"12:0":true,"6:1":true,"11:6":true,"4:4":true,"8:10":true,"7:9":true,"6:8":true,"3:5":true,"13:1":true,"0:5":true,"12:3":true,"9:1":true,"7:8":true,"6:9":true,"4:6":true,"10:1":true,"5:6":true,"12:4":true,"12:2":true,"2:10":true,"6:7":true,"11:2":true,"7:1":true,"12:1":true,"9:3":true,"6:0":true,"10:3":true,"1:5":true,"7:2":true,"6:6":true,"11:1":true,"9:4":true,"8:5":true,"3:10":true,"11:8":true,"7:4":true,"13:6":true,"13:0":true,"0:10":true,"12:8":true,"7:3":true,"13:2":true,"9:6":true,"11:9":true,"6:4":true,"15:5":true,"10:0":true,"14:5":true,"10:6":true,"15:11":[130,151],"12:9":true,"9:0":true,"6:3":true,"7:0":true,"13:3":true,"2:5":true,"13:4":true,"6:2":true,"7:6":true,"15:4":true,"14:3":true,"1:6":true,"11:10":true,"6:5":true,"3:8":true,"12:10":true,"0:8":true,"15:3":true,"14:4":true,"2:4":true,"8:0":true,"14:2":true,"4:15":true,"15:2":true,"8:6":true,"13:5":true,"5:15":222,"2:3":true,"15:0":true,"14:6":true,"10:5":true,"3:7":true,"1:3":true,"9:5":true,"8:2":true,"1:4":true,"0:7":true,"15:6":true,"14:0":true,"8:4":true,"7:5":true,"3:9":true,"8:3":true,"0:9":true,"2:6":true}