{"15:9":119,"12:11":true,"1:1":true,"11:5":119,"2:7":true,"8:8":true,"6:10":true,"13:13":true,"12:5":119,"14:9":120,"11:11":true,"10:12":true,"2:9":117,"15:7":119,"3:0":true,"0:6":true,"0:0":true,"14:7":119,"3:6":true,"13:10":true,"1:8":true,"10:10":true,"8:7":true,"5:5":120,"0:2":true,"2:8":true,"9:10":true,"4:5":true,"13:12":true,"3:2":true,"1:9":true,"15:8":119,"3:4":true,"0:3":true,"8:9":true,"7:10":true,"3:3":true,"1:7":true,"14:8":119,"2:1":true,"12:6":119,"4:3":true,"5:4":true,"10:9":true,"7:7":true,"5:3":true,"1:10":true,"13:8":120,"9:9":true,"6:1":true,"11:6":119,"4:4":true,"10:7":true,"8:10":true,"7:9":true,"6:8":true,"3:5":true,"15:12":true,"4:2":true,"0:11":true,"14:12":true,"9:7":true,"5:2":[121,139],"0:5":true,"11:4":118,"7:8":true,"6:9":true,"4:6":[120,161],"2:13":true,"1:14":true,"15:10":120,"5:0":true,"14:10":true,"5:6":120,"13:7":119,"12:4":[117,118],"11:3":true,"4:0":true,"15:13":true,"10:8":true,"6:7":true,"13:9":true,"9:8":true,"7:1":true,"14:13":true,"9:3":118,"6:0":true,"1:11":true,"10:4":119,"5:9":true,"10:3":[116,118],"1:5":true,"0:13":true,"7:2":true,"6:6":true,"4:9":119,"9:4":119,"8:5":true,"5:7":true,"11:8":true,"7:4":120,"13:6":119,"8:11":true,"4:7":120,"0:10":true,"12:8":120,"7:3":[120,163],"14:11":true,"9:6":true,"4:1":true,"0:15":true,"11:9":true,"6:4":true,"15:5":true,"14:5":118,"10:6":119,"5:1":true,"0:12":true,"15:11":120,"12:9":true,"6:3":[120,141],"11:7":120,"2:5":true,"0:14":true,"5:8":true,"13:4":true,"12:7":119,"6:2":true,"7:6":true,"4:8":120,"15:4":true,"1:6":true,"11:10":true,"6:5":120,"3:8":120,"12:10":true,"2:2":true,"0:8":true,"15:3":true,"1:0":true,"14:4":true,"2:4":true,"13:11":true,"0:1":true,"8:6":true,"3:1":true,"13:5":118,"12:13":true,"2:3":true,"14:6":118,"10:5":119,"9:11":true,"3:7":[120,161],"1:3":true,"10:11":true,"9:5":true,"8:2":true,"1:4":true,"0:7":true,"15:6":[118,161],"2:0":true,"11:12":true,"8:4":119,"1:2":true,"7:5":120,"3:9":[118,119],"12:12":true,"8:3":119,"0:9":true,"2:6":true}