{"11:5":true,"7:12":true,"4:9":true,"11:1":true,"10:12":true,"11:8":true,"3:0":true,"13:6":true,"13:0":true,"9:12":true,"3:6":true,"13:10":230,"12:8":true,"13:2":true,"11:9":true,"4:5":true,"13:12":true,"3:2":true,"13:3":true,"11:7":true,"6:12":true,"13:4":true,"12:7":true,"6:15":true,"11:0":true,"12:6":true,"4:3":true,"11:10":true,"3:8":[214,225],"12:10":true,"13:8":true,"12:0":true,"11:6":true,"15:12":[219,227],"13:1":true,"14:12":[219,227],"3:1":true,"13:5":true,"12:3":true,"11:4":true,"8:12":true,"3:7":[214,226],"13:7":true,"12:4":true,"11:3":true,"12:2":true,"11:12":true,"12:12":true,"11:2":true,"13:9":230}