{"14:3":true,"12:1":true,"9:3":true,"1:1":true,"10:3":true,"2:15":true,"1:5":true,"15:3":true,"14:9":true,"12:0":true,"1:0":true,"14:4":true,"9:4":true,"2:4":true,"3:0":true,"14:2":true,"13:0":true,"0:0":true,"14:7":true,"3:1":true,"0:5":true,"7:3":true,"15:0":true,"14:11":[182,183],"14:6":true,"14:1":true,"12:3":true,"12:14":true,"0:15":true,"14:10":[183,186],"14:5":true,"3:15":true,"3:2":true,"1:4":true,"15:1":true,"14:0":[138,202],"2:0":true,"13:3":true,"12:2":true,"2:5":true,"1:15":true,"1:2":true,"12:7":true,"12:12":true,"3:3":true,"0:4":true,"14:8":true}