{"12:11":true,"9:14":true,"1:1":true,"11:5":true,"2:7":true,"6:10":true,"13:13":true,"12:5":true,"11:11":true,"6:13":true,"2:9":true,"15:7":true,"3:0":true,"9:15":true,"0:6":true,"0:0":true,"14:7":true,"3:6":true,"7:14":true,"1:8":true,"14:1":true,"13:15":true,"8:7":true,"5:5":true,"4:11":true,"0:2":true,"7:13":true,"2:8":true,"5:11":true,"4:5":true,"13:12":true,"3:2":true,"15:1":true,"6:14":true,"1:9":true,"15:8":true,"13:14":true,"3:4":true,"0:3":true,"7:10":true,"6:12":true,"3:3":true,"1:7":true,"0:4":[150,180],"6:15":true,"2:1":true,"14:14":true,"4:3":true,"8:13":true,"5:4":true,"2:12":true,"2:15":true,"1:10":true,"15:14":true,"8:10":true,"7:9":true,"6:8":true,"3:5":true,"14:15":true,"13:1":true,"4:2":true,"0:11":true,"15:15":true,"3:11":true,"2:14":true,"1:13":true,"0:5":true,"11:4":true,"7:8":true,"6:9":true,"4:6":true,"2:13":true,"1:14":true,"5:0":true,"5:6":true,"8:15":true,"4:0":true,"15:13":true,"2:10":true,"1:15":true,"6:7":true,"8:14":true,"1:12":true,"7:1":true,"14:13":true,"6:0":true,"1:11":true,"10:4":true,"3:13":true,"5:9":true,"1:5":[150,176],"0:13":true,"6:6":true,"4:9":true,"8:5":true,"5:7":true,"13:6":true,"13:0":true,"8:11":true,"4:7":true,"0:10":true,"13:2":true,"4:1":true,"3:12":true,"0:15":true,"6:4":true,"15:5":true,"14:5":true,"5:1":true,"3:15":true,"0:12":true,"15:11":true,"7:0":true,"13:3":true,"2:5":true,"0:14":true,"5:8":true,"3:14":true,"7:6":true,"4:8":true,"2:11":true,"15:4":true,"14:3":true,"4:14":true,"1:6":true,"6:5":true,"5:14":true,"2:2":true,"0:8":true,"15:3":true,"1:0":true,"14:4":true,"11:13":true,"5:12":true,"2:4":true,"14:2":true,"4:15":true,"0:1":true,"15:2":true,"8:6":true,"4:12":true,"3:1":true,"13:5":true,"5:15":true,"2:3":true,"15:0":true,"12:14":true,"10:5":true,"5:10":true,"3:7":true,"1:3":150,"9:5":true,"4:10":true,"1:4":true,"0:7":true,"15:6":true,"14:0":true,"2:0":true,"12:15":true,"5:13":true,"1:2":true,"7:5":true,"3:9":true,"12:12":true,"0:9":true,"7:11":true,"4:13":true,"2:6":true}