{"1:1":true,"11:5":true,"12:5":true,"3:0":true,"0:0":[190,192],"10:15":true,"1:8":true,"13:15":[198,200],"5:5":true,"2:8":true,"4:5":true,"3:2":true,"15:1":true,"1:9":true,"3:4":true,"0:4":true,"11:0":true,"5:4":true,"12:0":true,"6:1":true,"4:4":true,"3:5":true,"14:15":[198,200],"13:1":true,"15:15":[198,200],"5:2":true,"0:5":true,"11:4":true,"9:1":true,"5:0":true,"12:4":true,"4:0":true,"11:2":true,"7:1":true,"6:0":true,"10:4":true,"1:5":true,"7:2":true,"11:1":true,"8:5":true,"7:4":true,"9:2":true,"13:0":true,"0:10":true,"13:2":true,"6:4":true,"15:5":true,"10:0":true,"14:5":true,"5:1":true,"9:0":true,"7:0":true,"2:5":true,"13:4":true,"4:8":true,"15:4":true,"6:5":true,"3:8":true,"0:8":true,"1:0":[190,192],"14:4":true,"2:4":true,"8:0":true,"15:2":true,"3:1":true,"13:5":true,"15:0":true,"10:5":true,"9:5":true,"1:4":true,"0:7":true,"14:0":true,"2:0":[190,192],"12:15":true,"8:4":true,"1:2":true,"7:5":true,"11:15":true}