{"12:11":true,"9:14":true,"11:5":true,"2:7":[148,153],"8:8":true,"7:12":true,"6:10":true,"13:13":true,"10:14":true,"7:15":[136,153],"11:11":true,"10:12":true,"6:13":true,"2:9":true,"9:15":true,"0:6":[155,156],"9:12":true,"3:6":150,"10:15":true,"7:14":true,"1:8":true,"13:15":[138,153],"10:10":true,"8:7":true,"4:11":true,"7:13":true,"2:8":true,"9:10":true,"5:11":true,"4:5":151,"13:12":true,"6:14":true,"1:9":true,"13:14":[138,152],"10:13":true,"3:4":[145,146],"8:9":true,"7:10":true,"6:12":true,"3:3":[144,147],"1:7":[154,156],"0:4":153,"6:15":[134,156],"9:13":true,"14:14":[138,152],"8:13":true,"2:12":true,"7:7":true,"2:15":[135,161],"15:14":[138,152],"9:9":true,"8:10":true,"7:9":true,"6:8":true,"3:5":[146,149],"15:12":true,"14:15":[138,153],"15:15":[138,153],"14:12":true,"9:7":true,"2:14":true,"1:13":true,"0:5":154,"2:13":true,"12:3":145,"11:4":[145,147],"8:12":true,"7:8":true,"6:9":true,"1:14":true,"12:4":true,"8:15":[138,153],"15:13":[138,151],"1:15":[134,161],"6:7":true,"8:14":true,"1:12":true,"14:13":[138,152],"3:13":true,"5:9":true,"0:13":true,"6:6":true,"4:9":true,"5:7":true,"3:10":true,"7:4":181,"8:11":true,"4:7":true,"14:11":true,"9:6":true,"3:12":true,"0:15":[135,175],"10:6":true,"3:15":true,"0:12":true,"15:11":true,"2:5":true,"0:14":true,"5:8":true,"3:14":true,"4:8":true,"4:14":true,"1:6":[153,154],"11:10":true,"3:8":true,"12:10":true,"5:14":true,"0:8":157,"6:11":true,"11:13":true,"5:12":true,"13:11":true,"4:15":true,"8:6":true,"4:12":true,"12:13":true,"5:15":[133,159],"12:14":152,"10:5":true,"9:11":true,"3:7":true,"5:10":true,"10:11":true,"4:10":true,"11:14":true,"0:7":157,"12:15":[138,153],"11:12":true,"5:13":true,"3:9":true,"12:12":true,"11:15":[138,153],"8:3":181,"0:9":true,"7:11":true,"4:13":true,"2:6":[148,149]}