{"14:14":true,"9:14":true,"1:11":true,"3:13":[159,209],"2:12":true,"3:8":true,"13:13":true,"10:14":true,"2:15":true,"1:10":true,"0:13":true,"15:14":true,"11:13":true,"3:5":true,"3:10":true,"6:13":true,"8:0":true,"3:6":true,"3:11":[150,209],"12:13":true,"2:14":true,"1:13":true,"7:14":true,"12:14":true,"3:7":true,"3:12":[150,209],"2:13":true,"1:14":true,"7:13":true,"11:14":true,"3:15":[163,210],"6:14":true,"15:13":true,"13:14":true,"10:13":true,"5:13":true,"3:4":true,"2:10":true,"1:15":true,"0:14":true,"3:9":true,"3:14":true,"1:12":true,"14:13":true,"9:13":true,"4:13":true,"2:11":true}