{"7:15":true,"2:9":158,"0:6":[157,159],"0:0":true,"3:6":true,"7:14":true,"13:15":152,"5:5":true,"0:2":true,"4:5":true,"13:12":true,"6:14":true,"1:9":true,"3:4":149,"0:3":151,"1:7":146,"6:15":true,"5:4":true,"2:12":true,"2:15":true,"1:10":true,"4:4":true,"3:5":true,"15:12":222,"0:11":true,"14:12":true,"2:14":true,"1:13":true,"0:5":157,"4:6":true,"2:13":true,"1:14":true,"5:6":true,"2:10":true,"1:15":true,"1:12":true,"3:13":true,"0:13":true,"6:6":true,"7:4":true,"0:10":true,"7:3":true,"3:12":true,"0:15":[151,159],"6:4":true,"3:15":true,"0:12":true,"2:5":149,"0:14":true,"3:14":true,"6:2":156,"7:6":true,"4:14":true,"1:6":[147,149],"6:5":true,"5:14":true,"0:8":[147,160],"4:15":true,"0:1":true,"8:6":true,"4:12":true,"0:7":[147,159],"5:13":true,"1:2":true,"12:12":true,"0:9":true,"4:13":true,"2:6":true}