{"12:1":true,"9:3":true,"11:5":true,"10:4":true,"12:5":true,"10:3":true,"7:2":true,"11:1":true,"9:4":true,"8:5":true,"7:4":true,"13:6":true,"9:2":true,"13:0":true,"8:1":true,"10:2":true,"7:3":true,"14:1":true,"13:2":true,"9:6":true,"5:5":true,"6:4":true,"15:5":true,"10:0":true,"14:5":true,"10:6":true,"5:1":true,"15:1":true,"9:0":true,"6:3":true,"7:0":true,"0:3":true,"13:3":true,"13:4":true,"6:2":true,"7:6":true,"15:4":true,"11:0":true,"14:3":true,"12:6":true,"5:4":true,"6:5":true,"5:3":true,"15:3":true,"12:0":true,"6:1":true,"14:4":true,"11:6":true,"8:0":true,"14:2":true,"13:1":true,"0:1":[174,175],"15:2":true,"8:6":true,"13:5":true,"5:2":true,"0:5":[174,175],"15:0":true,"14:6":true,"12:3":true,"11:4":true,"10:5":true,"9:1":true,"10:1":true,"9:5":true,"12:4":true,"11:3":true,"8:2":true,"15:6":true,"14:0":true,"12:2":true,"8:4":true,"7:5":true,"11:2":true,"8:3":true,"7:1":true}