{"8:8":true,"6:10":true,"13:13":true,"0:6":true,"3:6":true,"14:1":true,"10:10":true,"8:7":true,"5:5":true,"4:11":true,"0:2":true,"9:10":true,"5:11":true,"4:5":true,"13:12":true,"15:1":true,"13:14":[161,163],"3:4":true,"0:3":true,"8:9":true,"7:10":true,"3:3":true,"0:4":true,"2:1":true,"14:14":true,"4:3":true,"5:4":true,"2:12":true,"10:9":true,"7:7":true,"5:3":true,"2:15":true,"15:14":true,"9:9":true,"4:4":true,"10:7":true,"3:5":true,"15:12":true,"14:15":160,"13:1":true,"0:11":true,"15:15":true,"14:12":true,"9:7":true,"3:11":true,"2:14":true,"1:13":true,"0:5":true,"2:13":true,"7:8":true,"6:9":true,"4:6":true,"1:14":true,"5:6":true,"15:13":true,"1:15":true,"10:8":true,"1:12":true,"9:8":true,"14:13":true,"1:11":true,"3:13":true,"1:5":true,"0:13":true,"11:8":true,"13:6":true,"13:0":true,"12:8":true,"14:11":true,"13:2":true,"3:12":true,"0:15":true,"11:9":true,"14:5":true,"3:15":true,"0:12":true,"15:11":true,"12:9":true,"13:3":true,"11:7":true,"2:5":true,"0:14":true,"13:4":true,"12:7":true,"2:11":true,"14:3":true,"1:6":true,"11:10":true,"12:10":true,"2:2":true,"15:3":true,"14:4":true,"2:4":true,"14:2":true,"13:11":true,"4:15":true,"15:2":true,"4:12":true,"13:5":true,"5:15":true,"2:3":true,"15:0":true,"14:6":true,"1:4":true,"15:6":true,"14:0":true,"5:13":153,"4:13":true,"2:6":true,"15:9":true,"12:11":true,"2:7":true,"7:12":[149,150],"12:5":true,"14:9":true,"11:11":true,"10:12":true,"2:9":true,"15:7":true,"14:7":true,"9:12":[150,151],"13:10":true,"1:8":true,"2:8":true,"1:9":true,"15:8":true,"6:12":[148,149],"1:7":true,"14:8":true,"11:0":true,"1:10":true,"13:8":true,"12:0":true,"11:4":true,"9:1":true,"8:12":[149,151],"12:3":true,"15:10":true,"14:10":true,"10:1":true,"13:7":true,"12:4":true,"11:3":true,"12:2":true,"2:10":true,"11:2":true,"13:9":true,"12:1":true,"5:9":true,"10:3":true,"6:6":true,"4:9":true,"11:1":true,"8:5":true,"3:10":true,"7:4":true,"9:2":true,"8:11":148,"10:2":true,"0:10":true,"9:6":true,"6:4":true,"10:0":true,"10:6":true,"9:0":true,"6:3":true,"5:8":true,"7:6":true,"4:8":true,"6:5":true,"3:8":true,"0:8":true,"6:11":147,"11:13":[161,163],"8:0":true,"8:6":true,"12:13":true,"12:14":[161,162],"9:11":true,"5:10":true,"10:11":true,"4:10":true,"0:7":true,"11:12":true,"7:5":true,"3:9":true,"12:12":true,"0:9":true,"7:11":[147,148]}