{"12:1":true,"12:11":true,"5:9":true,"13:13":true,"7:15":true,"11:1":true,"11:11":true,"6:13":true,"9:15":true,"13:0":true,"8:11":true,"10:15":true,"1:8":true,"13:15":true,"7:13":true,"2:8":true,"10:0":true,"15:8":true,"10:13":true,"6:15":true,"14:8":true,"4:8":true,"9:13":true,"11:0":true,"8:13":true,"3:8":true,"0:8":true,"12:0":true,"6:11":true,"11:13":true,"5:15":true,"12:13":true,"9:1":true,"9:11":true,"10:1":true,"10:11":true,"8:15":true,"12:15":true,"5:13":true,"11:15":true,"13:9":true,"7:11":true}