{"15:9":true,"8:8":true,"13:13":true,"7:15":127,"14:9":true,"6:13":127,"15:7":true,"7:14":127,"10:10":true,"8:7":true,"5:5":true,"0:2":true,"9:10":true,"4:5":true,"13:12":true,"3:2":true,"6:14":127,"15:8":true,"13:14":true,"3:4":true,"8:9":true,"7:10":[117,118],"1:7":true,"0:4":true,"14:8":true,"14:14":true,"10:9":true,"7:7":true,"2:15":true,"13:8":true,"15:14":true,"9:9":true,"8:10":true,"7:9":119,"6:8":120,"3:5":true,"15:12":true,"13:1":true,"4:2":true,"15:15":true,"7:8":true,"15:10":true,"14:10":true,"5:6":true,"8:15":true,"15:13":true,"6:7":true,"1:12":[116,117],"13:9":true,"14:13":true,"6:6":true,"5:7":true,"8:11":117,"12:8":true,"14:11":true,"11:9":true,"5:1":true,"3:15":true,"0:12":[117,118],"12:9":true,"3:14":true,"7:6":true,"4:14":true,"11:10":true,"6:5":true,"5:14":127,"2:2":true,"0:8":true,"15:3":true,"11:13":true,"5:12":true,"2:4":true,"14:2":true,"13:11":true,"15:2":true,"12:13":true,"12:14":true,"9:11":true,"1:4":true,"15:6":true,"5:13":true,"1:2":true,"11:15":true,"4:13":true,"2:6":true}