{"9:14":true,"7:12":true,"5:9":true,"13:13":true,"4:9":true,"11:1":true,"9:4":true,"7:4":true,"9:12":true,"0:10":true,"7:14":true,"9:6":true,"4:1":true,"3:12":true,"0:2":true,"7:13":true,"6:4":true,"9:10":true,"5:1":true,"13:12":true,"3:15":true,"3:2":true,"9:0":true,"6:14":true,"6:3":true,"7:0":true,"3:4":true,"0:3":true,"7:10":true,"5:8":true,"0:4":true,"6:15":true,"6:2":true,"7:6":true,"4:8":true,"9:13":true,"11:0":true,"4:14":true,"4:3":true,"5:4":true,"7:7":true,"3:8":true,"5:14":true,"5:3":true,"9:9":true,"4:4":true,"7:9":true,"3:5":true,"4:15":true,"4:2":true,"0:11":true,"9:7":true,"3:1":true,"3:11":true,"5:15":true,"5:2":true,"9:11":true,"9:1":true,"7:8":true,"6:9":true,"5:10":true,"9:5":true,"4:10":true,"7:5":true,"3:9":true,"0:9":true,"9:8":true,"7:11":true,"7:1":true}