{"9:14":true,"7:12":true,"6:10":true,"5:9":true,"12:5":true,"7:15":true,"4:9":true,"11:11":true,"11:8":true,"6:13":true,"9:15":true,"9:12":true,"4:7":true,"7:14":true,"4:11":true,"0:2":true,"11:9":true,"7:13":true,"9:10":true,"5:11":true,"3:2":true,"9:0":true,"3:4":true,"0:3":true,"0:14":true,"7:10":true,"6:12":true,"5:8":true,"0:4":true,"4:8":true,"9:13":true,"11:10":true,"5:4":true,"0:8":true,"6:11":true,"4:4":true,"11:13":true,"7:9":true,"6:8":true,"5:12":true,"3:5":true,"2:4":true,"0:1":true,"4:12":true,"3:1":true,"9:11":true,"7:8":true,"6:9":true,"5:10":true,"4:10":true,"11:14":true,"1:4":true,"11:12":true,"5:13":true,"11:15":true,"7:11":true,"7:1":true,"4:13":true}