{"15:9":true,"1:1":true,"11:5":true,"6:10":true,"12:5":true,"14:9":true,"15:7":true,"3:0":true,"0:6":true,"0:0":true,"14:7":true,"8:1":true,"3:6":true,"13:10":true,"10:10":true,"5:5":true,"0:2":true,"9:10":true,"5:11":true,"4:5":true,"3:2":true,"15:8":true,"3:4":true,"0:3":true,"7:10":true,"3:3":true,"0:4":true,"6:15":true,"14:8":true,"2:1":true,"12:6":true,"4:3":true,"10:9":true,"13:8":true,"9:9":true,"6:1":true,"11:6":true,"4:4":true,"10:7":true,"8:10":true,"3:5":true,"4:2":true,"0:11":true,"9:7":true,"5:2":true,"0:5":true,"12:3":true,"11:4":true,"9:1":true,"4:6":true,"15:10":true,"5:0":true,"14:10":true,"10:1":true,"5:6":true,"13:7":true,"12:4":true,"11:3":true,"4:0":true,"10:8":true,"13:9":true,"9:8":true,"7:1":true,"9:3":true,"6:0":true,"1:11":true,"10:4":true,"5:9":true,"10:3":true,"1:5":true,"6:6":true,"4:9":true,"9:4":true,"8:5":true,"3:10":true,"7:4":true,"13:6":true,"9:2":true,"10:2":true,"7:3":true,"9:6":true,"4:1":true,"15:5":true,"10:0":true,"14:5":true,"10:6":true,"5:1":true,"9:0":true,"6:3":true,"7:0":true,"13:3":true,"2:5":true,"5:8":true,"13:4":true,"7:6":true,"4:8":true,"15:4":true,"14:3":true,"1:6":true,"6:5":true,"3:8":true,"2:2":true,"15:3":true,"1:0":true,"14:4":true,"5:12":true,"2:4":true,"8:0":true,"0:1":true,"8:6":true,"3:1":true,"13:5":true,"2:3":true,"14:6":true,"10:5":true,"5:10":true,"1:3":true,"9:5":true,"4:10":true,"8:2":true,"1:4":true,"15:6":true,"2:0":true,"8:4":true,"5:13":true,"1:2":true,"7:5":true,"8:3":true,"0:9":true,"2:6":true}