{"8:8":true,"7:12":true,"10:14":true,"7:15":true,"10:12":true,"9:15":true,"0:6":true,"9:12":true,"8:1":181,"13:10":[171,172],"10:15":true,"7:14":true,"4:11":true,"7:13":true,"5:11":true,"0:3":true,"8:9":true,"0:4":true,"6:15":true,"8:13":true,"15:14":170,"9:9":true,"15:12":172,"14:12":171,"9:7":true,"0:5":true,"8:12":true,"7:8":true,"15:13":171,"9:8":true,"7:2":183,"8:5":true,"8:11":true,"0:10":true,"7:3":true,"14:11":[170,171],"9:6":[189,190],"12:9":[170,171],"7:0":170,"7:6":true,"4:14":true,"0:8":true,"6:11":true,"4:15":true,"8:6":true,"4:12":true,"5:15":true,"10:11":196,"9:5":[187,188],"8:2":169,"0:7":true,"12:15":194,"8:4":186,"7:5":true,"11:15":true,"8:3":[183,185],"0:9":true,"7:11":true,"4:13":true}