{"9:14":true,"8:8":true,"7:12":true,"10:14":true,"7:15":true,"11:11":true,"10:12":true,"6:13":true,"15:7":true,"9:15":true,"9:12":true,"10:15":true,"7:14":true,"13:15":true,"10:10":true,"7:13":true,"9:10":true,"15:1":true,"6:14":true,"10:13":true,"8:9":true,"7:10":true,"6:15":true,"9:13":true,"8:13":true,"10:9":true,"2:15":175,"9:9":true,"8:10":true,"7:9":true,"9:7":true,"8:12":true,"8:15":true,"2:10":150,"1:15":190,"10:8":true,"8:14":true,"8:5":true,"11:8":true,"8:11":true,"12:8":true,"9:6":true,"3:12":158,"11:9":true,"15:5":true,"15:4":true,"11:10":true,"15:3":true,"11:13":true,"15:2":true,"8:6":true,"15:0":true,"9:11":true,"10:11":true,"11:14":true,"15:6":true,"12:15":true,"11:12":true,"11:15":true}