{"15:9":true,"12:11":true,"9:14":true,"8:8":true,"7:12":true,"6:10":true,"13:13":true,"12:5":true,"10:14":true,"7:15":true,"14:9":true,"11:11":true,"10:12":true,"6:13":true,"9:15":true,"14:7":true,"9:12":true,"8:1":true,"13:10":true,"10:15":true,"7:14":true,"14:1":true,"10:10":true,"8:7":true,"7:13":true,"9:10":true,"5:11":true,"13:12":true,"15:1":true,"6:14":true,"15:8":true,"13:14":true,"10:13":true,"8:9":true,"7:10":true,"6:12":true,"6:15":true,"14:8":true,"9:13":true,"2:1":true,"14:14":true,"12:6":true,"10:9":true,"7:7":true,"2:15":true,"13:8":true,"12:0":true,"9:9":true,"11:6":true,"10:7":true,"8:10":true,"7:9":true,"6:8":true,"13:1":true,"9:7":true,"12:3":true,"11:4":true,"9:1":true,"7:8":true,"6:9":true,"15:10":true,"14:10":true,"10:1":true,"5:6":true,"13:7":true,"11:3":true,"4:0":[162,169],"12:2":true,"10:8":true,"6:7":true,"11:2":true,"13:9":true,"9:8":true,"14:13":true,"12:1":true,"9:3":true,"10:4":true,"5:9":true,"10:3":true,"6:6":true,"11:1":true,"9:4":true,"8:5":true,"5:7":true,"11:8":true,"13:6":true,"9:2":true,"13:0":true,"8:11":true,"10:2":true,"12:8":true,"14:11":true,"13:2":true,"9:6":true,"4:1":[160,167],"11:9":true,"15:5":true,"10:0":true,"14:5":true,"10:6":true,"3:15":true,"15:11":true,"12:9":true,"9:0":true,"13:3":true,"11:7":true,"5:8":true,"12:7":true,"7:6":true,"15:4":true,"14:3":true,"11:10":true,"6:5":true,"12:10":true,"15:3":true,"6:11":true,"14:4":true,"11:13":true,"5:12":true,"8:0":true,"4:15":true,"14:2":true,"13:11":true,"15:2":true,"8:6":true,"5:15":true,"13:5":true,"12:13":true,"15:0":true,"14:6":true,"12:14":true,"10:5":true,"9:11":true,"5:10":true,"10:11":true,"9:5":true,"11:14":true,"8:2":true,"15:6":true,"14:0":true,"2:0":true,"12:15":true,"11:12":true,"5:13":true,"7:5":true,"12:12":true,"11:15":true,"8:3":true,"7:11":true}