{"12:11":true,"11:5":true,"2:7":true,"8:8":true,"7:12":[156,193],"6:10":true,"13:13":true,"12:5":true,"14:9":true,"10:12":true,"2:9":true,"15:7":true,"0:6":true,"14:7":true,"9:12":true,"3:6":true,"13:10":true,"1:8":true,"14:1":true,"13:15":true,"8:7":true,"5:5":true,"4:11":[154,170],"7:13":[157,193],"2:8":true,"9:10":true,"5:11":[156,158],"4:5":true,"13:12":true,"3:2":true,"15:1":true,"1:9":true,"15:8":true,"13:14":true,"3:4":true,"0:3":true,"8:9":true,"7:10":[154,161],"3:3":true,"1:7":true,"0:4":true,"14:8":true,"11:0":true,"14:14":true,"12:6":true,"4:3":true,"2:12":true,"10:9":true,"7:7":true,"2:15":155,"1:10":true,"13:8":true,"12:0":true,"11:6":true,"4:4":true,"10:7":true,"7:9":true,"6:8":true,"3:5":true,"15:12":true,"14:15":true,"13:1":true,"4:2":true,"0:11":true,"14:12":true,"9:7":true,"3:11":true,"2:14":[151,153],"1:13":true,"0:5":true,"2:13":true,"12:3":true,"11:4":true,"7:8":true,"6:9":true,"4:6":true,"1:14":true,"10:1":true,"5:6":true,"13:7":true,"12:4":true,"11:3":true,"12:2":true,"2:10":true,"1:15":true,"10:8":true,"6:7":true,"11:2":true,"8:14":true,"1:12":true,"13:9":true,"9:8":true,"12:1":true,"9:3":true,"1:11":true,"5:9":true,"10:3":true,"1:5":true,"0:13":true,"4:9":true,"11:1":true,"5:7":true,"3:10":true,"11:8":true,"7:4":true,"13:6":true,"8:11":193,"4:7":true,"0:10":true,"12:8":true,"13:2":true,"3:12":true,"0:15":true,"11:9":true,"15:5":true,"10:0":true,"14:5":true,"0:12":true,"12:9":true,"13:3":true,"11:7":true,"2:5":true,"0:14":true,"5:8":true,"13:4":true,"12:7":true,"3:14":155,"7:6":true,"4:8":true,"2:11":true,"15:4":true,"14:3":true,"1:6":true,"3:8":true,"12:10":true,"0:8":true,"15:3":true,"14:4":true,"11:13":true,"5:12":157,"2:4":true,"14:2":true,"13:11":true,"15:2":true,"4:12":[155,156],"13:5":true,"12:13":true,"2:3":true,"14:6":true,"12:14":true,"3:7":true,"5:10":[155,160],"1:3":true,"4:10":true,"1:4":true,"0:7":true,"15:6":true,"12:15":true,"11:12":true,"8:4":true,"7:5":true,"3:9":true,"12:12":true,"8:3":true,"0:9":true,"7:11":[155,160],"4:13":157,"2:6":true}