{"9:14":true,"7:12":true,"13:13":true,"10:14":true,"7:15":true,"11:11":true,"10:12":true,"6:13":true,"13:6":true,"9:15":true,"9:12":true,"8:11":true,"13:10":true,"10:15":true,"7:14":true,"13:15":true,"10:10":true,"11:9":true,"7:13":true,"10:6":true,"13:12":true,"6:14":true,"13:14":true,"11:7":true,"10:13":true,"6:12":true,"6:15":true,"9:13":true,"14:14":true,"4:14":[188,224],"8:13":true,"10:9":true,"13:8":true,"15:14":true,"6:11":true,"11:13":true,"10:7":true,"14:15":true,"13:11":true,"4:15":true,"15:15":true,"10:5":[212,213],"9:11":true,"8:12":true,"9:5":true,"13:7":true,"11:14":true,"8:15":true,"11:12":true,"11:15":true,"8:14":true,"13:9":true,"7:11":true,"4:13":[188,223]}