{"12:11":true,"9:14":[168,232],"11:5":true,"7:12":true,"13:13":true,"12:5":true,"10:14":[168,232],"7:15":233,"11:11":true,"10:12":true,"6:13":true,"9:15":233,"0:0":[149,155],"9:12":true,"8:1":233,"13:10":true,"10:15":[168,233],"7:14":232,"14:1":true,"13:15":true,"10:10":true,"7:13":true,"9:10":true,"13:12":true,"15:1":true,"6:14":true,"13:14":true,"10:13":[165,231],"8:9":true,"7:10":true,"6:12":true,"6:15":true,"9:13":[169,231],"11:0":[234,252],"14:14":true,"12:6":true,"4:3":true,"8:13":[169,231],"5:4":true,"10:9":true,"13:8":true,"15:14":254,"12:0":true,"9:9":true,"6:1":true,"4:4":true,"10:7":true,"8:10":true,"7:9":true,"14:15":true,"13:1":true,"4:2":true,"15:15":true,"12:3":true,"11:4":true,"9:1":233,"8:12":true,"6:9":true,"10:1":[159,233],"13:7":true,"12:4":true,"11:3":true,"8:15":true,"4:0":true,"12:2":true,"10:8":true,"11:2":true,"8:14":232,"13:9":true,"9:8":true,"7:1":true,"12:1":true,"9:3":231,"6:0":true,"10:4":true,"10:3":true,"7:2":true,"11:1":true,"9:4":true,"8:5":[189,190],"7:4":true,"13:6":true,"9:2":232,"13:0":true,"8:11":true,"10:2":232,"12:8":true,"7:3":231,"13:2":true,"9:6":true,"4:1":true,"11:9":true,"6:4":true,"10:0":[234,240],"10:6":true,"12:9":true,"9:0":[234,240],"6:3":true,"7:0":true,"13:3":true,"11:7":true,"13:4":true,"12:7":true,"6:2":true,"14:3":true,"4:14":[188,224],"6:5":true,"12:10":true,"6:11":true,"14:4":true,"11:13":true,"8:0":true,"14:2":true,"13:11":true,"4:15":true,"15:2":true,"13:5":true,"15:0":true,"10:5":true,"9:11":true,"5:10":true,"10:11":true,"9:5":189,"11:14":true,"8:2":[158,232],"1:4":true,"14:0":true,"11:12":true,"8:4":[228,230],"7:5":true,"11:15":true,"8:3":231,"7:11":true,"4:13":[188,223]}