{"15:9":[160,162],"9:14":true,"11:5":[165,237],"8:8":true,"7:12":true,"6:10":true,"13:13":true,"12:5":[164,165],"10:14":true,"7:15":true,"14:9":[161,164],"11:11":true,"10:12":true,"6:13":true,"9:15":true,"0:6":true,"9:12":true,"8:1":[188,235],"13:10":true,"10:15":true,"7:14":true,"14:1":true,"13:15":true,"10:10":true,"8:7":true,"4:11":true,"0:2":true,"7:13":true,"9:10":true,"4:5":true,"13:12":true,"15:1":254,"6:14":true,"13:14":true,"10:13":true,"0:3":true,"8:9":true,"7:10":true,"6:12":true,"0:4":true,"6:15":true,"14:8":[162,163],"9:13":true,"11:0":true,"14:14":true,"12:6":[163,164],"4:3":true,"8:13":true,"10:9":true,"7:7":true,"13:8":[162,186],"15:14":true,"12:0":true,"9:9":true,"6:1":true,"11:6":[164,237],"4:4":true,"10:7":236,"8:10":true,"7:9":true,"6:8":true,"15:12":true,"14:15":true,"13:1":true,"4:2":true,"0:11":true,"15:15":true,"14:12":true,"9:7":true,"0:5":true,"12:3":true,"11:4":[165,251],"9:1":true,"8:12":true,"7:8":true,"6:9":true,"4:6":true,"15:10":[163,254],"14:10":true,"10:1":235,"13:7":[163,186],"12:4":165,"11:3":[165,252],"8:15":true,"4:0":true,"15:13":true,"12:2":true,"10:8":true,"6:7":true,"11:2":true,"8:14":true,"13:9":true,"9:8":true,"7:1":true,"14:13":true,"12:1":true,"9:3":236,"6:0":true,"10:4":[188,236],"10:3":[188,236],"0:13":true,"7:2":true,"6:6":true,"4:9":true,"11:1":true,"9:4":true,"8:5":true,"11:8":true,"7:4":true,"13:6":[165,186],"9:2":236,"13:0":true,"8:11":true,"4:7":true,"10:2":236,"0:10":true,"7:3":true,"14:11":true,"13:2":true,"9:6":true,"4:1":true,"0:15":true,"11:9":true,"6:4":true,"15:5":254,"10:0":[168,234],"14:5":true,"10:6":true,"0:12":true,"15:11":true,"9:0":234,"6:3":true,"7:0":234,"13:3":[167,186],"11:7":true,"0:14":true,"13:4":true,"12:7":162,"6:2":true,"7:6":true,"4:8":true,"15:4":254,"14:3":254,"4:14":true,"11:10":true,"6:5":true,"0:8":true,"15:3":254,"6:11":true,"14:4":254,"11:13":true,"8:0":true,"14:2":254,"13:11":true,"4:15":true,"0:1":true,"15:2":254,"8:6":true,"4:12":true,"13:5":true,"15:0":true,"14:6":true,"10:5":true,"9:11":true,"10:11":true,"9:5":true,"4:10":true,"11:14":true,"8:2":236,"0:7":true,"15:6":true,"14:0":true,"11:12":true,"8:4":true,"7:5":true,"11:15":true,"8:3":true,"0:9":true,"7:11":true,"4:13":true}