{"9:14":true,"1:1":true,"11:5":true,"10:14":true,"7:15":254,"11:11":true,"9:15":254,"0:0":true,"8:1":true,"10:15":true,"7:14":254,"13:15":true,"0:2":true,"15:1":true,"13:14":true,"11:0":true,"14:14":true,"15:14":true,"12:0":true,"11:6":true,"13:1":true,"15:15":true,"11:4":true,"9:1":true,"1:14":254,"10:1":true,"11:3":true,"8:15":254,"12:2":true,"1:15":true,"11:2":true,"8:14":254,"7:1":true,"12:1":true,"7:2":true,"11:1":true,"11:8":true,"9:2":true,"13:0":true,"10:2":true,"13:2":true,"0:15":true,"11:9":true,"10:0":true,"9:0":true,"7:0":true,"11:7":true,"0:14":254,"11:10":true,"1:0":true,"11:13":true,"8:0":true,"14:2":true,"0:1":true,"15:2":true,"12:14":true,"15:0":true,"11:14":true,"8:2":true,"14:0":true,"12:15":true,"11:12":true,"1:2":true,"11:15":true}