{"12:11":true,"9:14":true,"1:1":254,"11:5":true,"8:8":true,"7:12":true,"13:13":true,"12:5":true,"10:14":true,"7:15":true,"11:11":true,"9:15":true,"0:6":true,"0:0":254,"8:1":true,"10:15":true,"7:14":true,"10:10":true,"0:2":254,"7:13":true,"15:1":true,"0:3":true,"0:4":254,"9:13":true,"11:0":[181,254],"14:14":true,"12:6":true,"8:13":true,"10:9":true,"2:15":155,"1:10":true,"15:14":true,"12:0":true,"9:9":true,"11:6":true,"10:7":true,"13:1":true,"0:11":254,"15:15":true,"9:7":true,"2:14":[155,156],"1:13":[157,254],"0:5":254,"11:4":true,"9:1":true,"8:12":true,"1:14":254,"10:1":true,"12:4":true,"11:3":true,"8:15":true,"15:13":true,"1:15":true,"10:8":true,"11:2":[183,184],"8:14":true,"1:12":[158,254],"9:8":true,"7:1":true,"14:13":true,"9:3":254,"1:11":[159,254],"1:5":254,"0:13":254,"7:2":true,"11:1":[182,254],"11:8":true,"7:4":254,"9:2":254,"10:2":254,"0:10":[160,254],"12:8":true,"7:3":254,"0:15":true,"11:9":true,"10:0":254,"10:6":true,"0:12":254,"12:9":true,"9:0":254,"7:0":254,"13:3":true,"11:7":true,"0:14":254,"12:7":true,"14:3":true,"1:6":254,"11:10":true,"12:10":true,"15:3":true,"1:0":254,"11:13":true,"8:0":254,"14:2":true,"0:1":254,"15:2":true,"15:0":true,"1:3":true,"11:14":true,"8:2":254,"1:4":true,"11:12":true,"8:4":true,"1:2":true,"7:5":true,"12:12":true,"11:15":true,"8:3":254,"7:11":true}