{"12:11":true,"1:1":true,"8:8":true,"7:12":true,"13:13":true,"7:15":true,"11:11":true,"3:0":true,"10:15":true,"10:10":true,"13:15":true,"8:7":true,"4:11":186,"0:2":true,"13:12":true,"6:14":true,"14:14":true,"9:9":true,"15:15":true,"9:7":true,"0:5":true,"5:0":true,"10:8":true,"9:8":true,"8:5":true,"7:4":true,"8:11":true,"7:3":true,"9:6":true,"4:1":true,"11:9":true,"6:4":true,"5:1":true,"6:2":true,"7:6":true,"1:6":186,"11:10":true,"6:5":true,"2:2":true,"5:12":186,"0:1":true,"8:6":true,"3:1":true,"12:14":true,"12:15":true,"5:13":true,"7:5":true,"3:9":true}