{"1:1":true,"8:8":true,"6:10":true,"13:13":true,"3:0":true,"0:0":true,"3:6":true,"14:1":true,"13:15":true,"10:10":true,"8:7":true,"5:5":true,"4:11":254,"0:2":true,"9:10":true,"5:11":[182,186],"4:5":true,"13:12":true,"3:2":true,"13:14":true,"3:4":true,"0:3":true,"8:9":true,"7:10":true,"3:3":true,"0:4":true,"2:1":true,"14:14":true,"4:3":true,"5:4":true,"2:12":true,"10:9":true,"7:7":true,"5:3":true,"2:15":true,"15:14":true,"9:9":true,"4:4":true,"10:7":true,"8:10":true,"7:9":true,"6:8":true,"3:5":true,"15:12":true,"14:15":true,"4:2":true,"15:15":true,"14:12":true,"9:7":true,"3:11":true,"5:2":true,"2:14":true,"1:13":true,"2:13":true,"7:8":true,"6:9":true,"4:6":true,"1:14":true,"5:0":true,"5:6":true,"4:0":true,"15:13":true,"1:15":254,"10:8":true,"6:7":true,"1:12":true,"9:8":true,"14:13":true,"1:11":true,"3:13":true,"1:5":true,"11:8":true,"12:8":true,"14:11":true,"4:1":true,"3:12":true,"11:9":true,"15:5":[157,158],"14:5":true,"5:1":true,"3:15":true,"15:11":true,"12:9":true,"11:7":true,"2:5":true,"12:7":true,"3:14":true,"2:11":true,"14:3":true,"4:14":true,"1:6":254,"11:10":[160,236],"12:10":[159,236],"5:14":true,"2:2":true,"1:0":true,"14:4":true,"5:12":[182,186],"2:4":true,"14:2":true,"13:11":true,"4:15":true,"0:1":true,"4:12":true,"3:1":true,"13:5":true,"5:15":true,"2:3":true,"14:6":true,"1:3":true,"1:4":true,"15:6":[155,158],"14:0":true,"2:0":true,"5:13":true,"1:2":true,"4:13":true,"2:6":true,"15:9":[154,156],"12:11":true,"9:14":[172,236],"11:5":true,"7:12":[236,251],"12:5":true,"10:14":true,"7:15":true,"14:9":[157,233],"11:11":[159,236],"10:12":true,"6:13":true,"15:7":[155,158],"9:15":true,"14:7":[232,233],"9:12":true,"8:1":true,"10:15":true,"7:14":true,"7:13":[236,252],"6:14":true,"15:8":[155,157],"10:13":true,"6:15":true,"14:8":[158,233],"9:13":true,"11:0":true,"12:6":true,"8:13":[174,236],"1:10":true,"12:0":true,"11:6":true,"11:4":true,"9:1":true,"8:12":true,"12:3":true,"15:10":true,"14:10":[169,232],"10:1":true,"12:4":true,"11:3":true,"8:15":[176,235],"12:2":true,"2:10":254,"11:2":true,"8:14":[175,236],"13:9":[159,160],"7:1":true,"12:1":true,"9:3":true,"10:4":true,"5:9":true,"10:3":true,"7:2":true,"11:1":true,"9:4":true,"8:5":true,"5:7":true,"3:10":254,"7:4":true,"9:2":true,"8:11":true,"10:2":true,"7:3":true,"9:6":true,"10:0":true,"10:6":true,"9:0":true,"7:0":true,"5:8":true,"7:6":true,"6:11":true,"11:13":true,"8:0":true,"8:6":true,"12:13":true,"12:14":true,"10:5":true,"9:11":true,"5:10":[157,186],"3:7":true,"10:11":true,"9:5":true,"4:10":254,"11:14":true,"8:2":true,"12:15":true,"11:12":true,"8:4":true,"7:5":true,"12:12":true,"11:15":true,"8:3":true,"7:11":true}