{"1_-6":true,"0_-1":true,"8_8":true,"6_10":true,"-1_-2":true,"-9_5":true,"-2_-9":true,"-1_4":true,"-7_10":true,"-2_5":true,"10_10":true,"-1_6":true,"5_11":true,"4_5":true,"0_-5":true,"0_-3":true,"-1_-4":true,"-3_-10":true,"2_12":true,"5_4":true,"0_-9":true,"7_7":true,"-1_-8":true,"9_9":true,"8_10":true,"7_9":true,"6_8":true,"-4_-9":true,"9_7":true,"-3_-8":true,"0_5":true,"-1_-10":true,"-11_1":true,"5_6":true,"-13_1":true,"10_8":true,"1_11":true,"-9_1":true,"7_16":true,"4_-7":true,"-13_-3":true,"9_16":true,"-12_11":true,"12_8":true,"11_9":true,"1_-8":true,"-13_-1":true,"2_-9":true,"-11_-1":true,"11_7":true,"2_5":true,"1_-10":true,"1_6":true,"-14_11":true,"6_17":true,"12_10":true,"-10_11":true,"-12_0":true,"1_-4":true,"4_12":true,"2_-3":true,"10_17":true,"-1_-6":true,"1_4":true,"-4_-7":true,"-12_-2":true,"0_-7":true,"-3_-6":true,"7_15":true,"11_11":true,"10_12":true,"9_15":true,"7_13":true,"-11_10":true,"6_14":true,"-12_9":true,"6_12":true,"-5_-7":true,"-13_10":true,"9_13":true,"5_16":true,"8_12":true,"6_-7":true,"-10_9":true,"-7_-7":true,"8_14":true,"11_2":true,"2_-11":true,"-5_-9":true,"9_4":true,"8_5":true,"0_-11":true,"-6_11":true,"9_0":true,"-7_-9":true,"11_13":true,"-7_5":true,"-2_-11":true,"9_11":true,"12_12":true,"8_3":true,"7_11":true,"8_-3":true,"0_-4":true,"-1_-3":true,"0_6":true,"-12_1":true,"-1_-5":true,"8_7":true,"4_11":true,"5_5":true,"-2_-10":true,"1_-7":true,"9_10":true,"-1_-1":true,"8_9":true,"7_10":true,"0_4":true,"2_-6":true,"0_-2":true,"-9_6":true,"10_9":true,"-10_1":true,"4_4":true,"10_7":true,"0_11":true,"7_8":true,"6_9":true,"-4_-8":true,"0_-10":true,"-1_5":true,"-3_-9":true,"0_-8":true,"-1_-9":true,"6_7":true,"9_8":true,"5_-7":true,"2_-10":true,"-11_-2":true,"1_5":true,"-11_4":true,"1_-9":true,"-13_-2":true,"10_16":true,"-2_-6":true,"3_12":true,"-11_0":true,"12_9":true,"12_7":true,"6_16":true,"-13_0":true,"2_11":true,"-10_5":true,"11_10":true,"-12_-1":true,"-1_-7":true,"5_12":true,"0_-6":true,"-3_-7":true,"-11_11":true,"9_17":true,"8_16":true,"-13_11":true,"1_-5":true,"-12_-3":true,"-10_10":true,"12_11":true,"9_14":true,"11_5":true,"7_12":true,"-6_-7":true,"6_13":true,"9_12":true,"7_14":true,"5_17":true,"10_13":true,"6_15":true,"1_-11":true,"8_13":true,"-11_9":true,"6_-6":true,"-12_10":true,"8_15":true,"9_3":true,"-5_11":true,"3_-11":true,"8_11":true,"10_2":true,"-1_-11":true,"6_4":true,"10_6":true,"-5_-8":true,"-6_-9":true,"-6_3":true,"6_11":true,"8_6":true,"12_13":true,"-7_11":true,"10_11":true,"8_2":true,"11_12":true,"8_4":true,"-7_-8":true,"-8_10":true}