{
  "bannerImageURL": null,
  "bannerLink": null,

  "latestVersion": "1.5.5",
  "latestBeta": "1.6.0-beta.6",
  "videoLink": "https://youtu.be/_BZMJm6JD4Q",
  "directDownload": "https://biscuit.codes/mods/skyblockaddons/downloadversion/?v=1.5.4",

  "languageJSONFormat": "https://raw.githubusercontent.com/BiscuitDevelopment/SkyblockAddons/development/src/main/resources/lang/%s.json",

  "disabledFeatures": {
    "all": [31, 41, 44],
    "1.5.0": [],
    "1.5.1": []
  },

  "dropSettings": {
    "minimumInventoryRarity": "RARE",
    "minimumHotbarRarity": "RARE",
    "dontDropTheseItems": [
      "PIGGY_BANK",
      "SMALL_BACKPACK",
      "RADIANT_POWER_ORB",
      "GRAPPLING_HOOK",
      "WAND_OF_HEALING",
      "ENCHANTED_GLOWSTONE",
      "AATROX_BATPHONE",
      "PERSONAL_COMPACTOR_4000",
      "MATHEMATICAL_HOE_BLUEPRINT",
      "THEORETICAL_HOE",
      "THEORETICAL_HOE_CANE_1",
      "THEORETICAL_HOE_CANE_2",
      "THEORETICAL_HOE_CARROT_1",
      "THEORETICAL_HOE_CARROT_2",
      "THEORETICAL_HOE_POTATO_1",
      "THEORETICAL_HOE_POTATO_2",
      "THEORETICAL_HOE_WARTS_1",
      "THEORETICAL_HOE_WARTS_2",
      "THEORETICAL_HOE_WHEAT_1",
      "THEORETICAL_HOE_WHEAT_2",
      "JUNGLE_AXE"
    ],
    "allowDroppingTheseItems": [
      "RUNE",
      "REMNANT_OF_THE_EYE",
      "DUNGEON_LORE_PAPER",
      "WINTER_DISC",
      "DUNGEON_STONE"
    ]
  }
}
